Emotional,Keyword,Sentimen,Response Category,Response
Marah,Ketidakadilan yang dirasakan,Negatif,Empathy,Aku mengerti betapa sulitnya merasakan ketidakadilan. Mari kita bicarakan apa yang kamu rasakan.
Marah,Perasaan dikhianati oleh orang lain,Negatif,Empathy,Perasaan dikhianati itu sangat menyakitkan. Aku di sini untuk mendengarkanmu.
Marah,Ketidakmampuan untuk mengontrol situasi,Negatif,Empathy,Ketidakmampuan untuk mengontrol situasi bisa membuat frustrasi. Mari kita cari cara untuk menghadapinya bersama.
Marah,Perlakuan tidak adil dari orang lain,Negatif,Empathy,Perlakuan tidak adil dari orang lain bisa sangat menyakitkan. Kamu tidak sendirian dalam hal ini.
Marah,Rasa frustrasi akibat kegagalan,Negatif,Empathy,"Rasa frustrasi akibat kegagalan itu wajar. Kita semua pernah mengalaminya, dan itu tidak mengurangi nilai dirimu."
Marah,Rasa sakit akibat kehilangan,Negatif,Empathy,Rasa sakit akibat kehilangan bisa sangat mendalam. Mari kita bicarakan bagaimana kamu bisa merasa lebih baik.
Marah,Ketidakadilan di tempat kerja,Negatif,Empathy,Ketidakadilan di tempat kerja bisa membuatmu merasa tertekan. Mari kita cari solusi untuk situasi ini.
Marah,Perasaan diabaikan atau tidak dihargai,Negatif,Empathy,Merasa diabaikan atau tidak dihargai itu menyakitkan. Kamu berhak mendapatkan perhatian dan penghargaan.
Marah,Keputusan orang lain yang merugikan,Negatif,Empathy,Keputusan orang lain yang merugikan bisa membuat kita marah. Mari kita bicarakan bagaimana kamu bisa menghadapinya.
Marah,Ketidakmampuan untuk mengekspresikan perasaan,Negatif,Empathy,Ketidakmampuan untuk mengekspresikan perasaan bisa membuatmu merasa terjebak. Mari kita cari cara untuk mengekspresikannya dengan baik.
Marah,Rasa cemburu atau iri terhadap orang lain,Negatif,Empathy,Rasa cemburu atau iri itu wajar. Mari kita bicarakan bagaimana kamu bisa mengubah perasaan itu menjadi motivasi.
Marah,Ketidakadilan dalam sistem sosial,Negatif,Empathy,Ketidakadilan dalam sistem sosial bisa membuat kita merasa putus asa. Mari kita cari cara untuk berkontribusi pada perubahan.
Marah,Perasaan tertekan akibat tuntutan hidup,Negatif,Empathy,"Tuntutan hidup yang berat bisa membuatmu merasa tertekan. Ingat, penting untuk merawat dirimu sendiri."
Marah,Kebijakan atau aturan yang tidak adil,Negatif,Empathy,Kebijakan atau aturan yang tidak adil bisa membuatmu frustrasi. Mari kita bicarakan bagaimana kamu bisa menyuarakan pendapatmu.
Marah,Ketidakmampuan untuk mencapai tujuan,Negatif,Empathy,"Ketidakmampuan untuk mencapai tujuan bisa membuatmu merasa kecewa. Ingat, setiap langkah kecil adalah kemajuan."
Marah,Perlakuan buruk dalam hubungan keluarga,Negatif,Empathy,Perlakuan buruk dalam hubungan keluarga bisa sangat menyakitkan. Mari kita bicarakan bagaimana kamu bisa memperbaiki situasi ini.
Marah,Situasi yang tidak diinginkan,Negatif,Empathy,Situasi yang tidak diinginkan bisa membuatmu merasa terjebak. Mari kita cari cara untuk mengubahnya.
Marah,Perilaku orang lain yang menyakitkan,Negatif,Empathy,"Perilaku orang lain yang menyakitkan bisa membuatmu marah. Ingat, kamu berhak untuk merasa baik."
Marah,Lingkungan sekitar yang tidak mendukung,Negatif,Empathy,Lingkungan sekitar yang tidak mendukung bisa membuatmu merasa kesepian. Mari kita cari cara untuk menciptakan dukungan di sekitarmu.
Marah,Perubahan yang tidak diinginkan,Negatif,Empathy,Perubahan yang tidak diinginkan bisa membuatmu merasa tidak nyaman. Mari kita bicarakan bagaimana kamu bisa beradaptasi.
Marah,Komunikasi yang buruk,Negatif,Empathy,Komunikasi yang buruk bisa menyebabkan banyak masalah. Mari kita cari cara untuk berkomunikasi dengan lebih baik.
Marah,Pengabaian emosional,Negatif,Empathy,Pengabaian emosional itu menyakitkan. Kamu berhak mendapatkan perhatian dan kasih sayang.
Marah,Ekspektasi yang tidak terpenuhi,Negatif,Empathy,Ekspektasi yang tidak terpenuhi bisa membuatmu merasa kecewa. Mari kita bicarakan harapan yang realistis.
Marah,Pengabaian kebutuhan pribadi,Negatif,Empathy,"Pengabaian kebutuhan pribadi bisa membuatmu merasa terabaikan. Ingat, penting untuk merawat dirimu sendiri."
Marah,Pengabaian hak-hak pribadi,Negatif,Empathy,Pengabaian hak-hak pribadi bisa membuatmu merasa tidak berdaya. Mari kita bicarakan cara untuk memperjuangkan hakmu.
Marah,Situasi yang tidak terduga,Negatif,Empathy,Situasi yang tidak terduga bisa membuatmu merasa cemas. Mari kita bicarakan bagaimana kamu bisa bersiap-siap.
Marah,Pengabaian perasaan,Negatif,Empathy,"Pengabaian perasaan bisa membuatmu merasa terasing. Ingat, perasaanmu valid dan penting."
Marah,Pengabaian keinginan,Negatif,Empathy,Pengabaian keinginan bisa membuatmu merasa tidak puas. Mari kita bicarakan apa yang kamu inginkan dan bagaimana mencapainya.
Marah,Pengabaian harapan,Negatif,Empathy,Pengabaian harapan bisa membuatmu merasa putus asa. Mari kita cari cara untuk membangkitkan harapan kembali.
Marah,Pengabaian impian,Negatif,Empathy,"Pengabaian impian bisa membuatmu merasa tidak berdaya. Ingat, impianmu penting dan layak diperjuangkan."
Marah,Pengabaian aspirasi,Negatif,Empathy,Pengabaian aspirasi bisa membuatmu merasa tidak termotivasi. Mari kita bicarakan langkah-langkah untuk mencapai aspirasi tersebut.
Marah,Pengabaian tanggung jawab,Negatif,Empathy,Pengabaian tanggung jawab bisa membuatmu merasa terbebani. Mari kita bicarakan cara untuk mengelola tanggung jawabmu dengan lebih baik.
Marah,Pengaruh negatif dari orang lain,Negatif,Empathy,"Pengaruh negatif dari orang lain bisa membuatmu merasa tertekan. Ingat, kamu memiliki kekuatan untuk memilih siapa yang ada di sekitarmu."
Marah,Ketidakpastian yang mengganggu,Negatif,Empathy,Ketidakpastian yang mengganggu bisa membuatmu merasa cemas. Mari kita bicarakan cara untuk menghadapi ketidakpastian ini.
Marah,Pengabaian perhatian,Negatif,Empathy,Pengabaian perhatian bisa membuatmu merasa kesepian. Mari kita cari cara untuk membangun hubungan yang lebih baik.
Marah,Pengabaian dukungan,Negatif,Empathy,"Pengabaian dukungan bisa membuatmu merasa terasing. Ingat, kamu tidak sendirian, dan ada orang yang peduli padamu."
Marah,Ketidakadilan yang dirasakan,Negatif,Support,"Perasaanmu valid. Ketidakadilan memang bisa membuat kita marah, dan itu adalah reaksi yang wajar."
Marah,Perasaan dikhianati oleh orang lain,Negatif,Support,Kamu tidak sendirian. Mari kita cari cara untuk mengatasi perasaan ini bersama-sama.
Marah,Ketidakmampuan untuk mengontrol situasi,Negatif,Solving,Mari kita buat rencana untuk menghadapi situasi ini agar kamu merasa lebih siap.
Marah,Perlakuan tidak adil dari orang lain,Negatif,Encouragement,"Ingat, kamu memiliki hak untuk memperjuangkan keadilan. Jangan ragu untuk bersuara!"
Marah,Rasa frustrasi akibat kegagalan,Negatif,Motivation,Setiap kegagalan adalah pelajaran. Mari kita lihat apa yang bisa kita ambil dari pengalaman ini.
Marah,Rasa sakit akibat kehilangan,Negatif,Support,Aku di sini untukmu. Mari kita cari cara untuk mengenang yang hilang dengan cara yang positif.
Marah,Ketidakadilan di tempat kerja,Negatif,Advocacy,Kamu berhak untuk menyuarakan ketidakadilan ini. Mari kita bicarakan langkah-langkah yang bisa diambil.
Marah,Perasaan diabaikan atau tidak dihargai,Negatif,Affirmation,"Ingat, kamu berharga dan layak mendapatkan penghargaan. Jangan biarkan orang lain meragukan nilai dirimu."
Marah,Keputusan orang lain yang merugikan,Negatif,Adaptability,Cobalah untuk melihat dari sudut pandang mereka. Ini bisa membantu mengurangi kemarahanmu.
Marah,Ketidakmampuan untuk mengekspresikan perasaan,Negatif,Connection,Mari kita latih cara untuk mengekspresikan perasaanmu dengan lebih jelas dan efektif.
Marah,Rasa cemburu atau iri terhadap orang lain,Negatif,Support,Cobalah untuk merenungkan apa yang membuatmu merasa cemburu. Ini bisa membantumu memahami dirimu lebih baik.
Marah,Ketidakadilan dalam sistem sosial,Negatif,Advocacy,Kamu bisa menjadi bagian dari perubahan. Mari kita bicarakan langkah-langkah yang bisa diambil untuk memperjuangkan keadilan.
Marah,Perasaan tertekan akibat tuntutan hidup,Negatif,Healing,Mari kita bicarakan cara-cara untuk merawat dirimu dan mengurangi stres dalam hidupmu.
Marah,Kebijakan atau aturan yang tidak adil,Negatif,Planning,Mari kita buat strategi untuk mengatasi kebijakan ini agar kamu merasa lebih berdaya.
Marah,Ketidakmampuan untuk mencapai tujuan,Negatif,Planning,Mari kita tetapkan tujuan yang lebih realistis dan langkah-langkah untuk mencapainya.
Marah,Perlakuan buruk dalam hubungan keluarga,Negatif,Support,"Ingat, kamu berhak mendapatkan dukungan dari keluargamu. Mari kita cari cara untuk membangun kembali hubungan itu."
Marah,Situasi yang tidak diinginkan,Negatif,Adaptability,Mari kita bicarakan cara untuk beradaptasi dengan situasi ini agar kamu merasa lebih nyaman.
Marah,Perilaku orang lain yang menyakitkan,Negatif,Planning,Mari kita bicarakan cara untuk menetapkan batasan agar kamu tidak merasa tertekan oleh perilaku orang lain.
Marah,Lingkungan sekitar yang tidak mendukung,Negatif,Connection,Cobalah untuk mencari komunitas yang mendukungmu. Kamu tidak sendirian dalam perjalanan ini.
Marah,Perubahan yang tidak diinginkan,Negatif,Planning,Mari kita lihat perubahan ini sebagai peluang untuk tumbuh dan belajar.
Marah,Komunikasi yang buruk,Negatif,Planning,Mari kita latih keterampilan komunikasi agar kamu bisa mengekspresikan dirimu dengan lebih baik.
Marah,Pengabaian emosional,Negatif,Support,Jangan ragu untuk mencari dukungan dari orang-orang terdekatmu. Kamu tidak sendirian.
Marah,Ekspektasi yang tidak terpenuhi,Negatif,Improvement,Mari kita ubah cara pandangmu terhadap situasi ini agar kamu bisa melihat sisi positifnya.
Marah,Pengabaian kebutuhan pribadi,Negatif,Advocacy,Jangan ragu untuk memperjuangkan kebutuhanmu. Kamu berhak mendapatkan apa yang kamu butuhkan.
Marah,Pengabaian hak-hak pribadi,Negatif,Empowerment,Kamu memiliki kekuatan untuk memperjuangkan hakmu. Mari kita cari cara untuk melakukannya.
Marah,Situasi yang tidak terduga,Negatif,Planning,Mari kita cari strategi untuk menghadapi situasi yang tidak terduga agar kamu merasa lebih siap.
Marah,Pengabaian perasaan,Negatif,Planning,Mari kita cari cara untuk mengekspresikan perasaanmu agar kamu merasa lebih lega.
Marah,Pengabaian keinginan,Negatif,Planning,Mari kita tetapkan tujuan untuk mencapai keinginanmu agar kamu merasa lebih termotivasi.
Marah,Pengabaian harapan,Negatif,Planning,Mari kita buat visi untuk masa depan yang lebih positif dan jelas.
Marah,Pengabaian impian,Negatif,Planning,Mari kita buat rencana tindakan untuk mengejar impianmu agar kamu merasa lebih berdaya.
Marah,Pengabaian aspirasi,Negatif,Encouragement,"Ingat, aspirasi adalah bagian penting dari dirimu. Jangan ragu untuk mengejarnya!"
Marah,Pengabaian tanggung jawab,Negatif,Planning,Mari kita buat daftar prioritas agar kamu bisa mengelola tanggung jawab dengan lebih efektif.
Marah,Pengaruh negatif dari orang lain,Negatif,Planning,Mari kita bicarakan cara untuk menetapkan batasan agar kamu tidak merasa tertekan oleh pengaruh negatif.
Marah,Ketidakpastian yang mengganggu,Negatif,Planning,Mari kita cari strategi untuk mengatasi ketidakpastian agar kamu merasa lebih tenang.
Marah,Pengabaian perhatian,Negatif,Connection,"Ingat, penting untuk terhubung dengan orang-orang yang peduli padamu. Jangan ragu untuk mencari dukungan."
Marah,Pengabaian dukungan,Negatif,Support,Mari kita cari cara untuk mendapatkan dukungan yang kamu butuhkan agar merasa lebih baik.
Sedih,Kehilangan orang terkasih,Negatif,Empathy,Aku sangat menyesal mendengar tentang kehilanganmu. Ini pasti sangat sulit bagimu.
Sedih,Perpisahan dalam hubungan,Negatif,Empathy,Perpisahan itu menyakitkan. Izinkan dirimu untuk merasakan kesedihan ini.
Sedih,Rasa tidak puas terhadap diri sendiri,Negatif,Empathy,Merasa tidak puas dengan diri sendiri adalah hal yang wajar. Kita semua pernah merasakannya.
Sedih,Rasa tidak puas terhadap orang lain,Negatif,Empathy,Rasa tidak puas terhadap orang lain bisa sangat menyakitkan. Apa yang bisa kita lakukan untuk memperbaikinya?
Sedih,Menghadapi kegagalan,Negatif,Empathy,Kegagalan adalah bagian dari perjalanan. Ini tidak mendefinisikan siapa dirimu.
Sedih,Perubahan besar dalam hidup,Negatif,Empathy,Perubahan besar bisa sangat menantang. Bagaimana perasaanmu tentang perubahan ini?
Sedih,Rasa kesepian,Negatif,Empathy,Kesepian bisa sangat menyakitkan. Aku di sini untuk mendengarkanmu.
Sedih,Ketidakpastian masa depan,Negatif,Empathy,Ketidakpastian bisa membuat kita merasa cemas. Apa yang paling mengganggu pikiranmu?
Sedih,Pengalaman trauma,Negatif,Empathy,Menghadapi trauma adalah proses yang sulit. Penting untuk memberi dirimu waktu untuk sembuh.
Sedih,Rasa bersalah,Negatif,Empathy,"Rasa bersalah bisa sangat membebani. Ingat, kita semua membuat kesalahan."
Sedih,Penolakan atau pengabaian,Negatif,Empathy,Rasa ditolak bisa sangat menyakitkan. Kamu berhak untuk merasa dihargai.
Sedih,Ketidakmampuan untuk mencapai tujuan,Negatif,Empathy,Merasa tidak mampu mencapai tujuan bisa sangat mengecewakan. Apa yang bisa kita lakukan untuk membantu?
Sedih,Rasa kehilangan identitas,Negatif,Empathy,Kehilangan identitas bisa sangat membingungkan. Apa yang membuatmu merasa seperti itu?
Sedih,Ketidakadilan yang dialami,Negatif,Empathy,Ketidakadilan bisa sangat menyakitkan. Apa yang bisa kita lakukan untuk memperjuangkan keadilan?
Sedih,Rasa cemas yang berlebihan,Negatif,Empathy,Kecemasan bisa sangat mengganggu. Apa yang biasanya membantumu merasa lebih tenang?
Sedih,Kesehatan fisik yang menurun,Negatif,Empathy,Kesehatan fisik yang buruk bisa mempengaruhi suasana hati. Apa yang bisa kamu lakukan untuk merawat dirimu?
Sedih,Kesehatan mental yang buruk,Negatif,Empathy,Kesehatan mental adalah hal yang penting. Jangan ragu untuk mencari bantuan jika perlu.
Sedih,Rasa tidak dihargai,Negatif,Empathy,Merasa tidak dihargai bisa sangat menyakitkan. Apa yang bisa kita lakukan untuk memperbaikinya?
Sedih,Ketidakpuasan dalam pekerjaan,Negatif,Empathy,Ketidakpuasan di tempat kerja bisa membuat frustrasi. Apa yang ingin kamu ubah?
Sedih,Ketidakpuasan dalam hubungan,Negatif,Empathy,Ketidakpuasan dalam hubungan bisa sangat menyakitkan. Apa yang ingin kamu bicarakan?
Sedih,Rasa cemburu atau iri,Negatif,Empathy,Rasa cemburu itu wajar. Mari kita bicarakan bagaimana kamu bisa mengubah perasaan itu.
Sedih,Menghadapi masalah keuangan,Negatif,Empathy,Masalah keuangan bisa sangat menekan. Apa yang bisa kita lakukan untuk membantu situasi ini?
Sedih,Rasa terasing dari lingkungan sosial,Negatif,Empathy,Merasa terasing bisa sangat menyedihkan. Mari kita cari cara untuk terhubung dengan orang lain.
Sedih,Menghadapi masalah keluarga,Negatif,Empathy,Masalah keluarga bisa sangat rumit. Apa yang ingin kamu bicarakan tentang situasi ini?
Sedih,Rasa tidak berdaya,Negatif,Empathy,Merasa tidak berdaya bisa sangat menyakitkan. Apa yang bisa kita lakukan untuk memberdayakan dirimu?
Sedih,Rasa putus asa,Negatif,Empathy,Rasa putus asa bisa sangat berat. Izinkan dirimu untuk merasakan perasaan ini.
Sedih,Menghadapi perubahan yang tidak diinginkan,Negatif,Empathy,Perubahan yang tidak diinginkan bisa sangat sulit. Apa yang paling mengganggu tentang perubahan ini?
Sedih,Rasa tidak berharga,Negatif,Empathy,"Merasa tidak berharga bisa sangat menyakitkan. Ingat, kamu memiliki nilai yang tak ternilai."
Sedih,Rasa kehilangan harapan,Negatif,Empathy,Kehilangan harapan bisa sangat menyedihkan. Apa yang bisa kita lakukan untuk membangkitkan harapan itu?
Sedih,Menghadapi kritik atau penilaian negatif,Negatif,Empathy,Kritik bisa sangat menyakitkan. Apa yang bisa kita lakukan untuk menghadapinya?
Sedih,Rasa tidak memiliki dukungan,Negatif,Empathy,"Merasa tidak memiliki dukungan bisa sangat menyedihkan. Ingat, ada orang yang peduli padamu."
Sedih,Menghadapi kehilangan pekerjaan,Negatif,Empathy,Kehilangan pekerjaan bisa sangat menekan. Apa yang bisa kita lakukan untuk membantumu?
Sedih,Rasa tidak memiliki kontrol atas hidup,Negatif,Empathy,Merasa tidak memiliki kontrol bisa sangat menyedihkan. Apa yang bisa kita lakukan untuk memberdayakan dirimu?
Sedih,Menghadapi masalah kesehatan yang serius,Negatif,Empathy,Masalah kesehatan yang serius bisa sangat menakutkan. Apa yang bisa kita lakukan untuk mendukungmu?
Sedih,Rasa tidak puas dengan diri sendiri,Negatif,Empathy,Merasa tidak puas dengan diri sendiri bisa sangat menyedihkan. Apa yang ingin kamu ubah?
Sedih,Menghadapi kesedihan orang lain,Negatif,Empathy,Mendukung orang lain yang sedang sedih bisa sangat menantang. Apa yang bisa kita lakukan untuk membantu?
Sedih,Rasa tertekan akibat tuntutan hidup,Negatif,Empathy,Tuntutan hidup bisa sangat berat dan membuat kita merasa tertekan. Apa yang paling membuatmu merasa tertekan saat ini?
Sedih,Menghadapi kehilangan impian,Negatif,Empathy,Kehilangan impian bisa sangat menyedihkan. Izinkan dirimu untuk merasakan kesedihan ini.
Sedih,Rasa tidak memiliki tujuan hidup,Negatif,Empathy,Merasa tidak memiliki tujuan hidup bisa sangat membingungkan. Apa yang membuatmu merasa seperti itu?
Sedih,Menghadapi kesedihan akibat berita buruk,Negatif,Empathy,Mendengar berita buruk bisa sangat menyedihkan. Apa yang kamu rasakan setelah mendengar berita itu?
Sedih,Kehilangan orang terkasih,Negatif,Support,"Ingat, kamu tidak sendirian. Aku di sini untuk mendukungmu dalam masa sulit ini."
Sedih,Perpisahan dalam hubungan,Negatif,Encouragement,Waktu akan membantu menyembuhkan luka ini. Kamu akan menemukan kebahagiaan lagi.
Sedih,Rasa tidak puas terhadap diri sendiri,Negatif,Improvement,Cobalah untuk melihat ini sebagai kesempatan untuk belajar dan tumbuh.
Sedih,Rasa tidak puas terhadap orang lain,Negatif,Motivation,Cobalah untuk memahami bahwa setiap orang memiliki perjuangan mereka sendiri.
Sedih,Menghadapi kegagalan,Negatif,Encouragement,Setiap kegagalan membawa pelajaran. Apa yang bisa kamu ambil dari pengalaman ini?
Sedih,Perubahan besar dalam hidup,Negatif,Adaptability,Cobalah untuk melihat perubahan ini sebagai peluang untuk pertumbuhan.
Sedih,Rasa kesepian,Negatif,Connection,Mari kita cari cara untuk terhubung dengan orang lain. Kamu tidak perlu merasa sendirian.
Sedih,Ketidakpastian masa depan,Negatif,Support,"Ingat, kita tidak bisa mengontrol masa depan, tetapi kita bisa mempersiapkan diri untuk itu."
Sedih,Pengalaman trauma,Negatif,Motivation,Pertimbangkan untuk berbicara dengan seorang profesional. Mereka bisa membantumu melalui ini.
Sedih,Rasa bersalah,Negatif,Motivation,Cobalah untuk memaafkan dirimu sendiri. Setiap orang berhak mendapatkan kesempatan kedua.
Sedih,Penolakan atau pengabaian,Negatif,Motivation,"Ingat, nilai dirimu tidak ditentukan oleh pendapat orang lain."
Sedih,Ketidakmampuan untuk mencapai tujuan,Negatif,Planning,Mari kita tetapkan tujuan yang lebih kecil dan realistis agar kamu bisa merasakannya.
Sedih,Rasa kehilangan identitas,Negatif,Planning,Cobalah untuk menjelajahi kembali apa yang membuatmu merasa berharga dan berarti.
Sedih,Ketidakadilan yang dialami,Negatif,Advocacy,Kamu memiliki hak untuk bersuara. Mari kita cari cara untuk menyuarakan ketidakadilan ini.
Sedih,Rasa cemas yang berlebihan,Negatif,Planning,Mari kita cari strategi untuk mengatasi kecemasan ini agar kamu merasa lebih baik.
Sedih,Kesehatan fisik yang menurun,Negatif,Support,"Ingat, penting untuk merawat dirimu sendiri. Apa langkah kecil yang bisa kamu ambil hari ini?"
Sedih,Kesehatan mental yang buruk,Negatif,Support,Berbicara dengan seorang profesional bisa sangat membantu. Kamu tidak sendirian dalam hal ini.
Sedih,Rasa tidak dihargai,Negatif,Affirmation,"Ingat, kamu berharga dan layak mendapatkan penghargaan. Jangan biarkan orang lain meragukan nilai dirimu."
Sedih,Ketidakpuasan dalam pekerjaan,Negatif,Planning,Mari kita bicarakan langkah-langkah untuk mencapai kepuasan kerja yang lebih baik.
Sedih,Ketidakpuasan dalam hubungan,Negatif,Connection,Mari kita bicarakan cara untuk meningkatkan komunikasi dalam hubunganmu.
Sedih,Rasa cemburu atau iri,Negatif,Improvement,Cobalah untuk merenungkan apa yang membuatmu merasa cemburu. Ini bisa membantumu memahami dirimu lebih baik.
Sedih,Menghadapi masalah keuangan,Negatif,Planning,Mari kita bicarakan rencana keuangan yang bisa membantumu merasa lebih aman.
Sedih,Rasa terasing dari lingkungan sosial,Negatif,Connection,Cobalah untuk mencari komunitas yang mendukungmu. Kamu tidak sendirian dalam perjalanan ini.
Sedih,Menghadapi masalah keluarga,Negatif,Support,"Ingat, kamu tidak sendirian. Mari kita cari cara untuk memperbaiki hubungan keluarga."
Sedih,Rasa tidak berdaya,Negatif,Empowerment,"Ingat, kamu memiliki kekuatan untuk mengubah situasi ini. Mari kita bicarakan langkah-langkahnya."
Sedih,Rasa putus asa,Negatif,Planning,"Ingat, selalu ada harapan. Mari kita cari cara untuk menemukan cahaya di tengah kegelapan."
Sedih,Menghadapi perubahan yang tidak diinginkan,Negatif,Adaptability,Cobalah untuk melihat perubahan ini sebagai peluang untuk tumbuh dan belajar.
Sedih,Rasa tidak berharga,Negatif,Affirmation,Cobalah untuk mengingat semua hal baik yang telah kamu lakukan. Kamu berharga.
Sedih,Rasa kehilangan harapan,Negatif,Motivation,Mari kita cari inspirasi dari pengalaman positif di masa lalu. Harapan bisa ditemukan kembali.
Sedih,Menghadapi kritik atau penilaian negatif,Negatif,Planning,Cobalah untuk melihat kritik sebagai kesempatan untuk belajar dan berkembang.
Sedih,Rasa tidak memiliki dukungan,Negatif,Connection,Mari kita cari cara untuk membangun jaringan dukungan di sekitarmu.
Sedih,Menghadapi kehilangan pekerjaan,Negatif,Planning,Mari kita bicarakan langkah-langkah untuk mencari pekerjaan baru yang lebih baik.
Sedih,Rasa tidak memiliki kontrol atas hidup,Negatif,Empowerment,"Ingat, kamu memiliki kekuatan untuk membuat pilihan. Mari kita bicarakan langkah-langkahnya."
Sedih,Menghadapi masalah kesehatan yang serius,Negatif,Affirmation,Pertimbangkan untuk berbicara dengan seorang profesional. Mereka bisa membantumu melalui ini.
Sedih,Rasa tidak puas dengan diri sendiri,Negatif,Improvement,Mari kita bicarakan langkah-langkah kecil yang bisa kamu ambil untuk merasa lebih baik.
Sedih,Menghadapi kesedihan orang lain,Negatif,Support,Mari kita bicarakan langkah-langkah kecil yang bisa kamu ambil untuk merasa lebih baik.
Sedih,Rasa tertekan akibat tuntutan hidup,Negatif,Planning,Mari kita bicarakan beberapa cara untuk mengelola tekanan ini. Mungkin ada teknik relaksasi yang bisa membantu.
Sedih,Menghadapi kehilangan impian,Negatif,Encouragement,"Ingat, kadang-kadang impian baru bisa muncul dari kehilangan. Apa yang ingin kamu coba selanjutnya?"
Sedih,Rasa tidak memiliki tujuan hidup,Negatif,Motivation,Mari kita eksplorasi minat dan passionmu. Mungkin kita bisa menemukan tujuan baru bersama.
Sedih,Menghadapi kesedihan akibat berita buruk,Negatif,Support,"Ingat, penting untuk berbagi perasaanmu. Aku di sini untuk mendengarkan dan mendukungmu."
Kecewa,Harapan yang tidak terpenuhi,Negatif,Empathy,Aku mengerti betapa menyedihkannya ketika harapan tidak terpenuhi. Mari kita bicarakan lebih lanjut.
Kecewa,Gagal mencapai tujuan,Negatif,Empathy,Merasa gagal itu wajar. Mari kita bicarakan lebih lanjut.
Kecewa,Janji yang tidak ditepati,Negatif,Empathy,Merasa dikhianati itu menyakitkan. Mari kita bicarakan lebih lanjut.
Kecewa,Gagal dalam hubungan pasangan,Negatif,Empathy,Hubungan yang tidak berjalan baik bisa sangat menyakitkan. Aku di sini untuk mendengarkan.
Kecewa,Tidak mendapat pengakuan,Negatif,Empathy,Merasa tidak dihargai itu sulit. Mari kita bicarakan lebih lanjut.
Kecewa,Perbandingan dengan Orang lain,Negatif,Empathy,Membandingkan diri dengan orang lain bisa menyakitkan. Mari kita bicarakan lebih lanjut.
Kecewa,Diperlakukan tidak adil,Negatif,Empathy,Merasa diperlakukan tidak adil itu menyakitkan. Mari kita bicarakan lebih lanjut.
Kecewa,Kecewa pada diri sendiri,Negatif,Empathy,Merasa kecewa pada diri sendiri itu wajar. Mari kita bicarakan lebih lanjut.
Kecewa,Dukungan tidak sesuai harapan,Negatif,Empathy,Merasa sendirian itu sulit. Mari kita bicarakan lebih lanjut.
Kecewa,Perubahan rencana mendadak,Negatif,Empathy,Perubahan yang tiba-tiba bisa membuat frustasi. Mari kita bicarakan lebih lanjut.
Kecewa,Pencapaian Hasil yang terlambat,Negatif,Empathy,Merasa terlambat itu bisa membuat kecewa. Mari kita bicarakan lebih lanjut.
Kecewa,gagal dalam ujian / seleksi,Negatif,Empathy,Merasa gagal dalam ujian itu menyedihkan. Mari kita bicarakan lebih lanjut.
Kecewa,pekerjaan tidak sesuai,Negatif,Empathy,Merasa kecewa karena tidak mendapatkan pekerjaan itu wajar. Mari kita bicarakan lebih lanjut.
Kecewa,kecewa pada teman,Negatif,Empathy,Kekecewaan dalam pertemanan bisa sangat menyakitkan. Mari kita bicarakan lebih lanjut.
Kecewa,ketidakpuasan dengan hasil kerja,Negatif,Empathy,Merasa tidak puas dengan hasil kerja itu wajar. Mari kita bicarakan lebih lanjut.
Kecewa,Merasa diabaikan,Negatif,Empathy,Merasa diabaikan itu menyakitkan. Mari kita bicarakan lebih lanjut.
Kecewa,Gagal dalam hubungan keluarga,Negatif,Empathy,Hubungan keluarga yang rumit bisa sangat menyakitkan. Mari kita bicarakan lebih lanjut.
Kecewa,Tidak mendapatkan kesempatan yang diharapkan,Negatif,Empathy,Merasa kehilangan kesempatan itu menyedihkan. Mari kita bicarakan lebih lanjut.
Kecewa,tidak puas pada layanan / produk,Negatif,Empathy,Merasa kecewa dengan layanan atau produk itu wajar. Mari kita bicarakan lebih lanjut.
Kecewa,masa depan tidak pasti,Negatif,Empathy,Ketidakpastian bisa membuat kita merasa cemas. Mari kita bicarakan lebih lanjut.
Kecewa,tidak sesuai ekspektasi,Negatif,Empathy,Merasa tidak sesuai ekspektasi itu menyedihkan. Mari kita bicarakan lebih lanjut.
Kecewa,tidak dihargai,Negatif,Empathy,Merasa tidak dihargai itu menyakitkan. Mari kita bicarakan lebih lanjut.
Kecewa,gagal dalam pencapaian akademis,Negatif,Empathy,Merasa kecewa dengan pencapaian akademis itu wajar. Mari kita bicarakan lebih lanjut.
Kecewa,Tidak mendapatkan umpan balik yang konstruktif,Negatif,Empathy,Merasa tidak mendapatkan umpan balik itu bisa membuat frustrasi. Mari kita bicarakan lebih lanjut.
Kecewa,gagal dalam proyek / project,Negatif,Empathy,Merasa kecewa karena proyek gagal itu menyedihkan. Mari kita bicarakan lebih lanjut.
Kecewa,terjebak dalam situasi yang tidak diinginkan,Negatif,Empathy,Merasa terjebak itu sulit. Mari kita bicarakan lebih lanjut.
Kecewa,kehilangan sesuatu yang berharga,Negatif,Empathy,Kehilangan itu menyakitkan. Mari kita bicarakan lebih lanjut.
Kecewa,Tidak mendapatkan hasil dari usaha yang dilakukan,Negatif,Empathy,Merasa kecewa karena usaha tidak membuahkan hasil itu wajar. Mari kita bicarakan lebih lanjut.
Kecewa,gagal dalam pertemanan,Negatif,Empathy,Kekecewaan dalam pertemanan bisa sangat menyakitkan. Mari kita bicarakan lebih lanjut.
Kecewa,Merasa tidak memiliki kontrol atas situasi,Negatif,Empathy,Merasa tidak memiliki kontrol itu sulit. Mari kita bicarakan lebih lanjut.
Kecewa,tidak bisa memenuhi harapan orang lain,Negatif,Empathy,Merasa tidak bisa memenuhi harapan itu menyedihkan. Mari kita bicarakan lebih lanjut.
Kecewa,Ketidakpuasan dengan diri sendiri,Negatif,Empathy,Merasa tidak puas dengan diri sendiri itu wajar. Mari kita bicarakan lebih lanjut.
Kecewa,ketidakpuasan dalam pengalaman hidup,Negatif,Empathy,Pengalaman hidup yang sulit bisa sangat menyakitkan. Mari kita bicarakan lebih lanjut.
Kecewa,Tidak mendapatkan kepercayaan dari orang lain,Negatif,Empathy,Merasa tidak dipercaya itu menyakitkan. Mari kita bicarakan lebih lanjut.
Kecewa,Tidak bisa partisasi dalam sesuatu,Negatif,Empathy,Merasa terpinggirkan itu sulit. Mari kita bicarakan lebih lanjut.
Kecewa,tidak memiliki dukungan emosional,Negatif,Empathy,Merasa sendirian itu sulit. Mari kita bicarakan lebih lanjut.
Kecewa,gagal dalam berproses,Negatif,Empathy,Proses kreatif yang tidak berjalan baik bisa sangat frustasi. Mari kita bicarakan lebih lanjut.
Kecewa,Tidak mendapatkan kesempatan untuk berbicara,Negatif,Empathy,Merasa tidak didengar itu menyakitkan. Mari kita bicarakan lebih lanjut.
Kecewa,kehidupan yang tidak seimbang,Negatif,Empathy,Merasa tidak seimbang dalam hidup itu bisa membuat frustasi. Mari kita bicarakan lebih lanjut.
Kecewa,tidak memiliki tujuan yang jelas,Negatif,Empathy,Merasa bingung tentang tujuan itu wajar. Mari kita bicarakan lebih lanjut.
Kecewa,Harapan yang tidak terpenuhi,Negatif,Motivation,"Ingat, setiap kekecewaan bisa menjadi batu loncatan untuk mencapai sesuatu yang lebih baik!"
Kecewa,Gagal mencapai tujuan,Negatif,Inspiration,Setiap kegagalan adalah pelajaran berharga. Kamu bisa bangkit lagi dan mencoba dengan cara baru!
Kecewa,Janji yang tidak ditepati,Negatif,Encouragement,Jangan biarkan satu janji yang tidak ditepati menghalangimu. Ada banyak orang yang menghargaimu!
Kecewa,Gagal dalam hubungan pasangan,Negatif,Perspective,"Terkadang, hubungan yang sulit mengajarkan kita banyak hal. Mari kita lihat sisi positifnya!"
Kecewa,Tidak mendapat pengakuan,Negatif,Affirmation,"Usahamu sangat berarti, dan kamu layak mendapatkan pengakuan. Jangan ragu untuk berbagi perasaanmu!"
Kecewa,Perbandingan dengan Orang lain,Negatif,Motivation,Fokuslah pada perjalananmu sendiri. Setiap orang memiliki keunikan dan kecepatan masing-masing!
Kecewa,Diperlakukan tidak adil,Negatif,Advocacy,Kamu berhak mendapatkan perlakuan yang adil. Mari kita cari cara untuk memperjuangkan hakmu!
Kecewa,Kecewa pada diri sendiri,Negatif,Growth,"Ingat, setiap orang membuat kesalahan. Yang penting adalah belajar dan tumbuh dari pengalaman itu!"
Kecewa,Dukungan tidak sesuai harapan,Negatif,Connection,Aku di sini untuk mendengarkan dan mendukungmu. Mari kita bangun jaringan dukungan yang lebih kuat!
Kecewa,Perubahan rencana mendadak,Negatif,Adaptability,Kita bisa mencari cara untuk beradaptasi dengan perubahan ini dan menemukan peluang baru!
Kecewa,Pencapaian Hasil yang terlambat,Negatif,Patience,"Kesuksesan tidak selalu datang dengan cepat. Sabar dan terus berusaha, hasil akan datang!"
Kecewa,gagal dalam ujian / seleksi,Negatif,Resilience,Setiap ujian adalah kesempatan untuk belajar. Kamu bisa mencoba lagi dengan lebih siap!
Kecewa,pekerjaan tidak sesuai,Negatif,Opportunity,Setiap penolakan adalah langkah menuju kesempatan yang lebih baik. Jangan menyerah!
Kecewa,kecewa pada teman,Negatif,Connection,Aku di sini untuk mendengarkan dan membantumu menemukan teman yang lebih baik.
Kecewa,ketidakpuasan dengan hasil kerja,Negatif,Improvement,Kita bisa mencari cara untuk meningkatkan hasil kerjamu di masa depan!
Kecewa,Merasa diabaikan,Negatif,Engagement,Kamu berhak mendapatkan perhatian. Mari kita cari cara untuk terlibat lebih aktif!
Kecewa,Gagal dalam hubungan keluarga,Negatif,Healing,Aku di sini untuk mendengarkan dan membantu mencari solusi. Mari kita fokus pada penyembuhan!
Kecewa,Tidak mendapatkan kesempatan yang diharapkan,Negatif,Planning,Kesempatan baru selalu ada. Mari kita rencanakan langkah-langkah untuk masa depan!
Kecewa,tidak puas pada layanan / produk,Negatif,Feedback,Kita bisa mencari solusi atau alternatif yang lebih baik! Mari kita berikan umpan balik yang konstruktif!
Kecewa,masa depan tidak pasti,Negatif,Planning,Kita bisa merencanakan langkah-langkah untuk menghadapi masa depan dengan lebih baik!
Kecewa,tidak sesuai ekspektasi,Negatif,Flexibility,"Terkadang, hidup membawa kita ke arah yang berbeda. Mari kita cari cara untuk menyesuaikan diri!"
Kecewa,tidak dihargai,Negatif,Pride,Kamu berharga dan usahamu sangat berarti! Jangan ragu untuk berbagi perasaanmu.
Kecewa,gagal dalam pencapaian akademis,Negatif,Motivation,Setiap langkah adalah bagian dari perjalananmu. Kamu bisa mencoba lagi!
Kecewa,Tidak mendapatkan umpan balik yang konstruktif,Negatif,Criticism,Umpan balik yang baik bisa membantu kita tumbuh. Mari kita cari cara untuk mendapatkannya!
Kecewa,gagal dalam proyek / project,Negatif,Experience,Setiap proyek adalah kesempatan untuk belajar. Kita bisa mencoba lagi!
Kecewa,terjebak dalam situasi yang tidak diinginkan,Negatif,Solving,Kita bisa mencari jalan keluar bersama!
Kecewa,kehilangan sesuatu yang berharga,Negatif,Improvement,Aku di sini untuk mendengarkan dan membantumu melalui masa sulit ini!
Kecewa,Tidak mendapatkan hasil dari usaha yang dilakukan,Negatif,Persistence,Setiap usaha adalah langkah menuju keberhasilan. Jangan menyerah!
Kecewa,gagal dalam pertemanan,Negatif,Connection,Aku di sini untuk mendengarkan dan membantumu menemukan teman yang lebih baik.
Kecewa,Merasa tidak memiliki kontrol atas situasi,Negatif,Empowerment,Kita bisa mencari cara untuk mendapatkan kembali kontrol atas situasi ini!
Kecewa,tidak bisa memenuhi harapan orang lain,Negatif,Kindness,"Ingat, yang terpenting adalah memenuhi harapan dirimu sendiri!"
Kecewa,Ketidakpuasan dengan diri sendiri,Negatif,Improvement,Kita semua memiliki kekurangan. Yang penting adalah terus berusaha untuk menjadi lebih baik!
Kecewa,ketidakpuasan dalam pengalaman hidup,Negatif,Resilience,Setiap pengalaman adalah pelajaran. Kita bisa belajar dari situasi ini!
Kecewa,Tidak mendapatkan kepercayaan dari orang lain,Negatif,Trust,Kepercayaan bisa dibangun kembali. Mari kita cari cara untuk memperbaikinya!
Kecewa,Tidak bisa partisasi dalam sesuatu,Negatif,Opportunity,Ada banyak kesempatan lain di luar sana. Mari kita cari yang berikutnya!
Kecewa,tidak memiliki dukungan emosional,Negatif,Support,Aku di sini untuk mendengarkan dan memberikan dukungan yang kamu butuhkan!
Kecewa,gagal dalam berproses,Negatif,Solving,Setiap proses memiliki tantangannya. Kita bisa mencari cara untuk mengatasi hambatan ini!
Kecewa,Tidak mendapatkan kesempatan untuk berbicara,Negatif,Encouragement,Suaramu penting. Aku di sini untuk mendengarkan!
Kecewa,kehidupan yang tidak seimbang,Negatif,Improvement,Kita bisa mencari cara untuk mencapai keseimbangan yang lebih baik dalam hidupmu!
Kecewa,tidak memiliki tujuan yang jelas,Negatif,Planning,Kita bisa mencari cara untuk menemukan tujuan yang lebih jelas dan berarti!
Frustasi,Terjebak dalam masalah,Negatif,Empathy,Aku mengerti betapa sulitnya merasa terjebak. Mari kita cari jalan keluar bersama!
Frustasi,Ingin menyerah,Negatif,Empathy,"Rasanya sangat berat, ya? Mari kita coba cari jalan keluar!"
Frustasi,Tidak ada kemajuan,Negatif,Empathy,Merasa tidak ada kemajuan itu menyedihkan. Mari kita cari cara untuk maju!
Frustasi,Terlalu banyak tekanan,Negatif,Empathy,Tekanan yang berlebihan memang bisa membuat frustasi. Aku di sini untuk mendengarkanmu.
Frustasi,Tidak ada dukungan,Negatif,Empathy,Merasa tidak didukung itu sulit. Mari kita bicarakan lebih lanjut.
Frustasi,Merasa tidak dihargai,Negatif,Empathy,Merasa tidak dihargai itu menyakitkan. Mari kita bicarakan lebih lanjut.
Frustasi,Tidak bisa melanjutkan,Negatif,Empathy,"Sangat frustasi ketika tidak bisa melanjutkan, ya?"
Frustasi,Terlalu sulit,Negatif,Empathy,Terkadang hal-hal terasa sangat sulit. Aku di sini untuk mendengarkan!
Frustasi,Merasa tertekan,Negatif,Empathy,Merasa tertekan itu sangat berat. Mari kita bicarakan lebih lanjut.
Frustasi,Tidak ada pilihan,Negatif,Empathy,Merasa tidak ada pilihan itu sulit. Mari kita bicarakan lebih lanjut.
Frustasi,Merasa terasing,Negatif,Empathy,Merasa terasing itu menyakitkan. Mari kita bicarakan lebih lanjut.
Frustasi,Tidak ada motivasi,Negatif,Empathy,Merasa tidak ada motivasi itu sulit. Mari kita bicarakan lebih lanjut.
Frustasi,Merasa tidak berdaya,Negatif,Empathy,Merasa tidak berdaya itu sangat sulit. Aku di sini untukmu.
Frustasi,Merasa bingung,Negatif,Empathy,Merasa bingung itu wajar. Mari kita bicarakan lebih lanjut.
Frustasi,Merasa tidak adil,Negatif,Empathy,Merasa tidak adil itu menyakitkan. Mari kita bicarakan lebih lanjut.
Frustasi,Merasa terjebak,Negatif,Empathy,
Frustasi,Merasa tidak nyaman,Negatif,Empathy,Merasa tidak nyaman itu wajar. Mari kita bicarakan lebih lanjut.
Frustasi,Merasa terasing,Negatif,Empathy,
Frustasi,Merasa tidak puas,Negatif,Empathy,Merasa tidak puas itu wajar. Mari kita bicarakan lebih lanjut.
Frustasi,keterbatasan waktu,Negatif,Empathy,Merasa terburu-buru itu bisa membuat frustasi. Mari kita bicarakan lebih lanjut.
Frustasi,Gagal mencapai tujuan,Negatif,Empathy,Merasa gagal itu wajar. Mari kita bicarakan lebih lanjut.
Frustasi,Ketidakpastian,Negatif,Empathy,Ketidakpastian memang bisa membuat frustasi. Mari kita bicarakan lebih lanjut.
Frustasi,Konflik interpersonal,Negatif,Empathy,Konflik dengan orang lain bisa sangat menyakitkan. Mari kita bicarakan lebih lanjut.
Frustasi,perubahaan yang tidak diinginkan,Negatif,Empathy,Perubahan mendadak bisa membuat frustasi. Mari kita bicarakan lebih lanjut.
Frustasi,keterbatasan fisik,Negatif,Empathy,Keterbatasan fisik bisa sangat frustasi. Aku di sini untuk mendengarkanmu.
Frustasi,kurangnya keterampilan,Negatif,Empathy,Merasa kurang keterampilan itu wajar. Mari kita bicarakan lebih lanjut.
Frustasi,tuntutan yang berlebihan,Negatif,Empathy,Tuntutan yang terlalu tinggi bisa membuat frustasi. Mari kita bicarakan lebih lanjut.
Frustasi,kehilangan harapan,Negatif,Empathy,Kehilangan harapan itu menyakitkan. Mari kita bicarakan lebih lanjut.
Frustasi,keterlambatan,Negatif,Empathy,Merasa terlambat itu bisa membuat frustasi. Mari kita bicarakan lebih lanjut.
Frustasi,perbandingan sosial,Negatif,Empathy,Membandingkan diri dengan orang lain bisa menyakitkan. Mari kita bicarakan lebih lanjut.
Frustasi,khawatir masa depan,Negatif,Empathy,Khawatir tentang masa depan itu wajar. Mari kita bicarakan lebih lanjut.
Frustasi,kurang komunikasi,Negatif,Empathy,Kurangnya komunikasi bisa menyebabkan frustasi. Mari kita bicarakan lebih lanjut.
Frustasi,gagal mendapatkan hasil,Negatif,Empathy,Merasa gagal mendapatkan hasil itu menyedihkan. Mari kita bicarakan lebih lanjut.
Frustasi,tidak memiliki waktu,Negatif,Empathy,Merasa tidak memiliki waktu itu bisa sangat frustasi. Mari kita bicarakan lebih lanjut.
Frustasi,kehilangan rutinitas,Negatif,Empathy,Kehilangan rutinitas bisa membuat kita merasa tidak stabil. Mari kita bicarakan lebih lanjut.
Frustasi,tidak diakui,Negatif,Empathy,Merasa tidak diakui itu menyakitkan. Mari kita bicarakan lebih lanjut.
Frustasi,kekurangan informasi,Negatif,Empathy,Merasa kurang informasi itu bisa membuat frustasi. Mari kita bicarakan lebih lanjut.
Frustasi,tidak terlibat / dilibatkan,Negatif,Empathy,Merasa tidak terlibat itu bisa menyakitkan. Mari kita bicarakan lebih lanjut.
Frustasi,kekurangan dukungan emosional,Negatif,Empathy,Merasa kurang dukungan emosional itu sulit. Mari kita bicarakan lebih lanjut.
Frustasi,khawatir kesehatan,Negatif,Empathy,Khawatir tentang kesehatan itu wajar. Mari kita bicarakan lebih lanjut.
Frustasi,gagal mencapai hidup seimbang,Negatif,Empathy,Merasa tidak seimbang dalam hidup itu bisa membuat frustasi. Mari kita bicarakan lebih lanjut.
Frustasi,Ketidakpastian dalam hubungan,Negatif,Empathy,Ketidakpastian dalam hubungan bisa sangat menyakitkan. Mari kita bicarakan lebih lanjut.
Frustasi,Terjebak dalam masalah,Negatif,Encouragement,Setiap masalah pasti ada solusinya. Kita bisa menghadapinya bersama!
Frustasi,Ingin menyerah,Negatif,Encouragement,"Ingat, setiap usaha ada hasilnya! Jangan menyerah!"
Frustasi,Tidak ada kemajuan,Negatif,Encouragement,Setiap langkah kecil adalah kemajuan! Jangan putus asa!
Frustasi,Terlalu banyak tekanan,Negatif,Support,Mari kita cari cara untuk mengurangi tekanan ini bersama-sama!
Frustasi,Tidak ada dukungan,Negatif,Support,Aku di sini untuk mendengarkan dan mendukungmu!
Frustasi,Merasa tidak dihargai,Negatif,Support,Kamu berharga dan usahamu sangat berarti! Jangan ragu untuk berbagi perasaanmu.
Frustasi,Tidak bisa melanjutkan,Negatif,Encouragement,"Cobalah untuk beristirahat sejenak, dan kita bisa mulai lagi!"
Frustasi,Terlalu sulit,Negatif,Support,Mari kita pecahkan masalah ini bersama-sama!
Frustasi,Merasa tertekan,Negatif,Support,Aku di sini untuk mendengarkanmu.
Frustasi,Tidak ada pilihan,Negatif,Support,Kita bisa mencari solusi bersama!
Frustasi,Merasa terasing,Negatif,Support,Aku di sini untuk mendengarkan dan mendukungmu!
Frustasi,Tidak ada motivasi,Negatif,Encouragement,Cobalah untuk menemukan satu hal kecil yang bisa memotivasi dirimu!
Frustasi,Merasa tidak berdaya,Negatif,Support,Mari kita cari cara untuk mengatasi perasaan ini bersama!
Frustasi,Merasa bingung,Negatif,Support,Aku di sini untuk membantumu menemukan kejelasan!
Frustasi,Merasa tidak adil,Negatif,Support,Aku di sini untuk mendengarkan dan mendukungmu!
Frustasi,Merasa terjebak,Negatif,Encouragement,Setiap masalah pasti ada solusinya. Kita bisa menghadapinya bersama!
Frustasi,Merasa tidak nyaman,Negatif,Support,Aku di sini untuk membantumu menemukan kenyamanan!
Frustasi,Merasa terasing,Negatif,Support,Aku di sini untuk mendengarkan dan mendukungmu. Kamu tidak sendirian dalam perasaan ini!
Frustasi,Merasa tidak puas,Negatif,Support,Aku di sini untuk membantumu menemukan kepuasan!
Frustasi,keterbatasan waktu,Negatif,Support,Mari kita atur waktu dengan lebih baik agar tidak merasa terburu-buru!
Frustasi,Gagal mencapai tujuan,Negatif,Support,Setiap kegagalan adalah pelajaran. Kamu bisa bangkit lagi!
Frustasi,Ketidakpastian,Negatif,Support,Kita bisa merencanakan langkah-langkah untuk mengatasi ketidakpastian ini!
Frustasi,Konflik interpersonal,Negatif,Support,Aku di sini untuk mendengarkan dan membantu menyelesaikan konflik ini.
Frustasi,perubahaan yang tidak diinginkan,Negatif,Support,Kita bisa mencari cara untuk beradaptasi dengan perubahan ini!
Frustasi,keterbatasan fisik,Negatif,Support,Mari kita cari cara untuk mengatasi keterbatasan ini bersama!
Frustasi,kurangnya keterampilan,Negatif,Support,Kita bisa belajar bersama untuk meningkatkan keterampilanmu!
Frustasi,tuntutan yang berlebihan,Negatif,Support,Aku di sini untuk membantumu mengatur tuntutan ini agar lebih realistis.
Frustasi,kehilangan harapan,Negatif,Support,Aku di sini untuk membantumu menemukan harapan baru!
Frustasi,keterlambatan,Negatif,Support,Kita bisa mencari cara untuk mengatur waktu dengan lebih baik!
Frustasi,perbandingan sosial,Negatif,Support,"Ingat, setiap orang memiliki perjalanan yang berbeda. Fokuslah pada dirimu sendiri!"
Frustasi,khawatir masa depan,Negatif,Support,Kita bisa merencanakan langkah-langkah untuk menghadapi masa depan dengan lebih baik!
Frustasi,kurang komunikasi,Negatif,Support,Aku di sini untuk membantu memperbaiki komunikasi kita!
Frustasi,gagal mendapatkan hasil,Negatif,Support,Setiap usaha yang kamu lakukan adalah langkah menuju keberhasilan!
Frustasi,tidak memiliki waktu,Negatif,Support,Mari kita cari cara untuk mengatur waktu dengan lebih baik!
Frustasi,kehilangan rutinitas,Negatif,Support,Kita bisa mencari cara untuk membangun rutinitas baru yang lebih baik!
Frustasi,tidak diakui,Negatif,Support,"Usahamu sangat berarti, dan aku di sini untuk menghargainya!"
Frustasi,kekurangan informasi,Negatif,Support,Aku di sini untuk membantumu mendapatkan informasi yang kamu butuhkan!
Frustasi,tidak terlibat / dilibatkan,Negatif,Support,Aku di sini untuk mendengarkan dan membantumu merasa lebih terlibat!
Frustasi,kekurangan dukungan emosional,Negatif,Support,Aku di sini untuk mendengarkan dan memberikan dukungan yang kamu butuhkan!
Frustasi,khawatir kesehatan,Negatif,Support,Kita bisa mencari cara untuk menjaga kesehatan dengan lebih baik!
Frustasi,gagal mencapai hidup seimbang,Negatif,Support,Mari kita cari cara untuk mencapai keseimbangan yang lebih baik dalam hidupmu!
Frustasi,Ketidakpastian dalam hubungan,Negatif,Support,Aku di sini untuk mendengarkan dan membantu mencari kejelasan dalam hubunganmu!
Khawatir,Ketidakpastian tentang masa depan,Negatif,Empathy,Aku mengerti betapa sulitnya merasa khawatir tentang masa depan. Mari kita bicarakan lebih lanjut.
Khawatir,Masalah kesehatan pribadi atau keluarga,Negatif,Empathy,Masalah kesehatan bisa sangat menakutkan. Aku di sini untuk mendengarkan dan mendukungmu.
Khawatir,Ketidakpastian dalam pekerjaan,Negatif,Empathy,Merasa tidak pasti tentang pekerjaan itu wajar. Mari kita bicarakan lebih lanjut.
Khawatir,Ketidakpastian dalam hubungan,Negatif,Empathy,Hubungan yang tidak pasti bisa membuat kita cemas. Mari kita bicarakan lebih lanjut.
Khawatir,Kekecewaan dalam pencapaian akademis,Negatif,Empathy,Merasa kecewa dengan pencapaian akademis itu wajar. Mari kita bicarakan lebih lanjut.
Khawatir,Ketidakpastian finansial,Negatif,Empathy,Ketidakpastian finansial bisa sangat menakutkan. Mari kita bicarakan lebih lanjut.
Khawatir,Perubahan besar dalam hidup,Negatif,Empathy,Perubahan besar bisa membuat kita merasa cemas. Mari kita bicarakan lebih lanjut.
Khawatir,Ketakutan akan kegagalan,Negatif,Empathy,Ketakutan akan kegagalan itu wajar. Mari kita bicarakan lebih lanjut.
Khawatir,Ketakutan akan penolakan,Negatif,Empathy,Merasa takut ditolak itu menyakitkan. Mari kita bicarakan lebih lanjut.
Khawatir,Ketidakpastian dalam keputusan yang harus diambil,Negatif,Empathy,Merasa bingung dalam mengambil keputusan itu wajar. Mari kita bicarakan lebih lanjut.
Khawatir,Masalah yang belum terselesaikan,Negatif,Empathy,Masalah yang belum terselesaikan bisa membuat kita cemas. Mari kita bicarakan lebih lanjut.
Khawatir,Ketidakpastian tentang kemampuan diri,Negatif,Empathy,Merasa ragu tentang kemampuan diri itu wajar. Mari kita bicarakan lebih lanjut.
Khawatir,Ketakutan akan kehilangan orang yang dicintai,Negatif,Empathy,Ketakutan kehilangan orang yang kita cintai bisa sangat menyakitkan. Mari kita bicarakan lebih lanjut.
Khawatir,Ketidakpastian dalam situasi sosial,Negatif,Empathy,Situasi sosial yang tidak pasti bisa membuat kita cemas. Mari kita bicarakan lebih lanjut.
Khawatir,Ketakutan akan bencana alam,Negatif,Empathy,Ketakutan akan bencana alam itu wajar. Mari kita bicarakan lebih lanjut.
Khawatir,Ketidakpastian dalam kesehatan mental,Negatif,Empathy,Merasa cemas tentang kesehatan mental itu wajar. Mari kita bicarakan lebih lanjut.
Khawatir,Ketakutan akan konflik atau pertikaian,Negatif,Empathy,Ketakutan akan konflik bisa membuat kita cemas. Mari kita bicarakan lebih lanjut.
Khawatir,Ketidakpastian dalam lingkungan kerja,Negatif,Empathy,Lingkungan kerja yang tidak pasti bisa membuat kita cemas. Mari kita bicarakan lebih lanjut.
Khawatir,Ketidakpastian dalam perencanaan masa depan,Negatif,Empathy,Merasa cemas tentang perencanaan masa depan itu wajar. Mari kita bicarakan lebih lanjut.
Khawatir,Ketakutan akan perubahan yang tidak diinginkan,Negatif,Empathy,Perubahan yang tidak diinginkan bisa membuat kita cemas. Mari kita bicarakan lebih lanjut.
Khawatir,Ketidakpastian dalam hubungan keluarga,Negatif,Empathy,Hubungan keluarga yang tidak pasti bisa membuat kita cemas. Mari kita bicarakan lebih lanjut.
Khawatir,Ketakutan akan kehilangan pekerjaan,Negatif,Empathy,Ketakutan kehilangan pekerjaan itu wajar. Mari kita bicarakan lebih lanjut.
Khawatir,Ketidakpastian dalam hubungan persahabatan,Negatif,Empathy,Ketidakpastian dalam persahabatan bisa membuat kita cemas. Mari kita bicarakan lebih lanjut.
Khawatir,Ketakutan akan situasi yang tidak terduga,Negatif,Empathy,Ketakutan akan situasi yang tidak terduga itu wajar. Mari kita bicarakan lebih lanjut.
Khawatir,Ketidakpastian dalam proses kreatif,Negatif,Empathy,Proses kreatif yang tidak pasti bisa membuat kita cemas. Mari kita bicarakan lebih lanjut.
Khawatir,Ketakutan akan penilaian orang lain,Negatif,Empathy,Ketakutan akan penilaian orang lain itu wajar. Mari kita bicarakan lebih lanjut.
Khawatir,Ketidakpastian dalam mencapai tujuan,Negatif,Empathy,Merasa cemas tentang mencapai tujuan itu wajar. Mari kita bicarakan lebih lanjut.
Khawatir,Ketakutan akan kesepian,Negatif,Empathy,Merasa kesepian itu menyakitkan. Mari kita bicarakan lebih lanjut.
Khawatir,Ketidakpastian dalam perawatan kesehatan,Negatif,Empathy,Merasa cemas tentang perawatan kesehatan itu wajar. Mari kita bicarakan lebih lanjut.
Khawatir,Ketakutan akan kehilangan kebebasan,Negatif,Empathy,Ketakutan kehilangan kebebasan itu wajar. Mari kita bicarakan lebih lanjut.
Khawatir,Ketidakpastian dalam situasi politik,Negatif,Empathy,Situasi politik yang tidak pasti bisa membuat kita cemas. Mari kita bicarakan lebih lanjut.
Khawatir,Ketakutan akan masa pensiun,Negatif,Empathy,Ketakutan akan masa pensiun itu wajar. Mari kita bicarakan lebih lanjut.
Khawatir,Ketidakpastian dalam pendidikan anak,Negatif,Empathy,Merasa cemas tentang pendidikan anak itu wajar. Mari kita bicarakan lebih lanjut.
Khawatir,Ketakutan akan ketidakadilan,Negatif,Empathy,Ketakutan akan ketidakadilan itu wajar. Mari kita bicarakan lebih lanjut.
Khawatir,Ketidakpastian dalam hubungan romantis,Negatif,Empathy,Ketidakpastian dalam hubungan romantis bisa membuat kita cemas. Mari kita bicarakan lebih lanjut.
Khawatir,Ketakutan akan kehilangan identitas,Negatif,Empathy,Ketakutan kehilangan identitas itu wajar. Mari kita bicarakan lebih lanjut.
Khawatir,Ketidakpastian dalam perencanaan keuangan,Negatif,Empathy,Merasa cemas tentang perencanaan keuangan itu wajar. Mari kita bicarakan lebih lanjut.
Khawatir,Ketakutan akan pengabaian,Negatif,Empathy,Ketakutan akan pengabaian itu menyakitkan. Mari kita bicarakan lebih lanjut.
Khawatir,Ketidakpastian dalam situasi darurat,Negatif,Empathy,Merasa cemas tentang situasi darurat itu wajar. Mari kita bicarakan lebih lanjut.
Khawatir,Ketakutan akan masa depan yang tidak jelas,Negatif,Empathy,Ketakutan akan masa depan yang tidak jelas itu wajar. Mari kita bicarakan lebih lanjut.
Khawatir,Ketidakpastian tentang masa depan,Negatif,Motivation,"Ingat, masa depan belum ditentukan. Kita bisa menciptakan jalan kita sendiri!"
Khawatir,Masalah kesehatan pribadi atau keluarga,Negatif,Support,Mari kita cari cara untuk menjaga kesehatan dan mendapatkan dukungan yang kamu butuhkan.
Khawatir,Ketidakpastian dalam pekerjaan,Negatif,Opportunity,Setiap tantangan di tempat kerja bisa menjadi peluang untuk belajar dan tumbuh!
Khawatir,Ketidakpastian dalam hubungan,Negatif,Connection,Komunikasi yang baik bisa membantu mengurangi ketidakpastian. Mari kita cari cara untuk berbicara!
Khawatir,Kekecewaan dalam pencapaian akademis,Negatif,Growth,Setiap pengalaman adalah pelajaran. Kamu bisa mencoba lagi dengan lebih baik!
Khawatir,Ketidakpastian finansial,Negatif,Planning,Kita bisa merencanakan anggaran dan mencari cara untuk mengelola keuangan dengan lebih baik!
Khawatir,Perubahan besar dalam hidup,Negatif,Adaptability,Kita bisa belajar untuk beradaptasi dengan perubahan dan menemukan cara baru untuk maju!
Khawatir,Ketakutan akan kegagalan,Negatif,Resilience,"Ingat, setiap kegagalan adalah langkah menuju keberhasilan. Kamu bisa bangkit lagi!"
Khawatir,Ketakutan akan penolakan,Negatif,Pride,"Ingat, penolakan bukanlah akhir dari segalanya. Kamu berharga dan layak mendapatkan yang terbaik!"
Khawatir,Ketidakpastian dalam keputusan yang harus diambil,Negatif,Planning,Kita bisa mencari cara untuk membuat keputusan yang lebih baik bersama-sama!
Khawatir,Masalah yang belum terselesaikan,Negatif,Solving,Mari kita cari solusi untuk masalah ini agar bisa merasa lebih tenang!
Khawatir,Ketidakpastian tentang kemampuan diri,Negatif,Pride,"Ingat, kamu memiliki banyak potensi. Percayalah pada dirimu sendiri!"
Khawatir,Ketakutan akan kehilangan orang yang dicintai,Negatif,Connection,Mari kita fokus pada menghargai hubungan yang ada dan menciptakan kenangan indah bersama!
Khawatir,Ketidakpastian dalam situasi sosial,Negatif,Connection,Kita bisa berlatih keterampilan sosial untuk merasa lebih percaya diri dalam situasi sosial!
Khawatir,Ketakutan akan bencana alam,Negatif,Planning,Kita bisa mempersiapkan diri dengan baik untuk menghadapi situasi darurat!
Khawatir,Ketidakpastian dalam kesehatan mental,Negatif,Motivation,Jangan ragu untuk mencari bantuan profesional jika kamu membutuhkannya.
Khawatir,Ketakutan akan konflik atau pertikaian,Negatif,Solving,Kita bisa belajar cara menyelesaikan konflik dengan cara yang konstruktif!
Khawatir,Ketidakpastian dalam lingkungan kerja,Negatif,Adaptability,Kita bisa belajar untuk beradaptasi dengan lingkungan kerja yang berubah!
Khawatir,Ketidakpastian dalam perencanaan masa depan,Negatif,Planning,Kita bisa merencanakan langkah-langkah untuk mencapai tujuan masa depan yang lebih jelas!
Khawatir,Ketakutan akan perubahan yang tidak diinginkan,Negatif,Improvement,Mari kita belajar untuk menerima perubahan dan melihatnya sebagai peluang!
Khawatir,Ketidakpastian dalam hubungan keluarga,Negatif,Connection,Kita bisa mencari cara untuk berkomunikasi lebih baik dalam keluarga!
Khawatir,Ketakutan akan kehilangan pekerjaan,Negatif,Planning,Kita bisa mencari strategi untuk meningkatkan peluang mendapatkan pekerjaan baru!
Khawatir,Ketidakpastian dalam hubungan persahabatan,Negatif,Connection,Mari kita fokus pada membangun kepercayaan dalam hubungan persahabatan!
Khawatir,Ketakutan akan situasi yang tidak terduga,Negatif,Planning,Kita bisa mempersiapkan diri untuk menghadapi situasi yang tidak terduga!
Khawatir,Ketidakpastian dalam proses kreatif,Negatif,Planning,Mari kita eksplorasi cara-cara baru untuk mengekspresikan kreativitas kita!
Khawatir,Ketakutan akan penilaian orang lain,Negatif,Improvement,"Ingat, yang terpenting adalah bagaimana kamu melihat dirimu sendiri!"
Khawatir,Ketidakpastian dalam mencapai tujuan,Negatif,Planning,Kita bisa membuat rencana tindakan untuk mencapai tujuan dengan lebih jelas!
Khawatir,Ketakutan akan kesepian,Negatif,Connection,Mari kita cari cara untuk membangun koneksi dengan orang lain!
Khawatir,Ketidakpastian dalam perawatan kesehatan,Negatif,Healing,Kita bisa mencari informasi dan dukungan untuk menjaga kesehatan kita!
Khawatir,Ketakutan akan kehilangan kebebasan,Negatif,Empowerment,Mari kita fokus pada cara untuk menjaga kebebasan dan otonomi kita!
Khawatir,Ketidakpastian dalam situasi politik,Negatif,Planning,Kita bisa terlibat dalam proses politik untuk membuat suara kita didengar!
Khawatir,Ketakutan akan masa pensiun,Negatif,Planning,Kita bisa merencanakan masa pensiun dengan lebih baik agar merasa lebih tenang!
Khawatir,Ketidakpastian dalam pendidikan anak,Negatif,Support,Kita bisa mencari dukungan dan sumber daya untuk membantu pendidikan anak!
Khawatir,Ketakutan akan ketidakadilan,Negatif,Advocacy,Mari kita berjuang untuk keadilan dan perubahan positif dalam masyarakat!
Khawatir,Ketidakpastian dalam hubungan romantis,Negatif,Connection,Kita bisa mencari cara untuk membangun hubungan yang lebih kuat dan sehat!
Khawatir,Ketakutan akan kehilangan identitas,Negatif,Improvement,Mari kita eksplorasi siapa dirimu dan apa yang membuatmu unik!
Khawatir,Ketidakpastian dalam perencanaan keuangan,Negatif,Planning,Kita bisa belajar tentang manajemen keuangan untuk merasa lebih percaya diri!
Khawatir,Ketakutan akan pengabaian,Negatif,Connection,Mari kita fokus pada membangun hubungan yang saling mendukung!
Khawatir,Ketidakpastian dalam situasi darurat,Negatif,Planning,Kita bisa mempersiapkan diri untuk menghadapi situasi darurat dengan lebih baik!
Khawatir,Ketakutan akan masa depan yang tidak jelas,Negatif,Planning,Mari kita buat visi untuk masa depan yang lebih jelas dan positif!
Bahagia,Merayakan keberhasilan,Positif,Enthusiastic,Luar biasa! Mari kita rayakan keberhasilan ini bersama!
Bahagia,Mendapatkan hadiah,Positif,Happiness,"Wow, hadiah itu pasti sangat menyenangkan!"
Bahagia,Menerima pujian,Positif,Pride,Terima kasih! Itu sangat berarti bagiku!
Bahagia,Merasa dicintai,Positif,Happiness,Merasa dicintai adalah hal yang indah! Teruslah berbagi cinta!
Bahagia,Mencapai impian,Positif,Pride,Impianmu menjadi kenyataan! Sangat menginspirasi!
Bahagia,Merasa beruntung,Positif,Happiness,Merasa beruntung adalah hal yang indah! Teruslah bersyukur!
Bahagia,Berhasil menyelesaikan proyek,Positif,Pride,Kamu patut bangga! Proyek itu sangat menantang!
Bahagia,Merayakan ulang tahun,Positif,Enthusiastic,Selamat ulang tahun! Mari kita rayakan hari istimewa ini!
Bahagia,Merasa puas,Positif,Happiness,Merasa puas adalah hal yang menyenangkan!
Bahagia,Menerima dukungan,Positif,Happiness,Dukungan itu sangat berarti! Terima kasih telah ada untukku!
Bahagia,Mencapai tujuan hidup,Positif,Pride,Tujuan hidupmu sangat menginspirasi!
Bahagia,Merayakan pencapaian,Positif,Enthusiastic,Mari kita rayakan pencapaian ini bersama!
Bahagia,Merasa nyaman,Positif,Happiness,Merasa nyaman adalah hal yang penting!
Bahagia,Menerima cinta dari orang terkasih,Positif,Happiness,Cinta dari orang terkasih adalah hal yang sangat berharga!
Bahagia,Merasa terhubung,Positif,Happiness,Merasa terhubung dengan orang lain adalah hal yang penting!
Bahagia,Menerima tantangan,Positif,Enthusiastic,Tantangan adalah kesempatan untuk tumbuh!
Bahagia,Merasa terinspirasi,Positif,Enthusiastic,Inspirasi itu luar biasa! Teruslah menginspirasi orang lain!
Bahagia,Mencapai keseimbangan hidup,Positif,Happiness,Keseimbangan hidup adalah kunci kebahagiaan!
Bahagia,Merasa bahagia,Positif,Happiness,Senang sekali mendengar itu! Semoga kebahagiaanmu terus berlanjut!
Bahagia,Menerima perubahan,Positif,Happiness,Perubahan bisa membawa kebahagiaan baru!
Bahagia,Merasa optimis,Positif,Enthusiastic,Optimisme adalah kunci untuk masa depan yang cerah!
Bahagia,Merayakan keberhasilan kecil,Positif,Enthusiastic,Setiap keberhasilan kecil patut dirayakan!
Bahagia,Mendapatkan pengakuan,Positif,Pride,Pengakuan ini sangat pantas untukmu!
Bahagia,Merasa terhubung dengan komunitas,Positif,Happiness,Merasa terhubung dengan komunitas adalah hal yang penting!
Bahagia,Merayakan momen spesial,Positif,Enthusiastic,Mari kita rayakan momen spesial ini bersama!
Bahagia,Merasa bahagia dengan diri sendiri,Positif,Pride,Kamu patut bangga dengan dirimu sendiri!
Bahagia,Menerima cinta dari teman,Positif,Happiness,Cinta dari teman adalah hal yang berharga!
Bahagia,Merasa terinspirasi oleh orang lain,Positif,Enthusiastic,Inspirasi dari orang lain sangat berharga!
Bahagia,Merayakan keberhasilan tim,Positif,Enthusiastic,Luar biasa! Mari kita rayakan keberhasilan tim ini!
Bahagia,Merasa bahagia saat berkumpul,Positif,Happiness,Berkumpul dengan orang-orang terkasih adalah hal yang menyenangkan!
Bahagia,Merayakan keberhasilan,Positif,Pride,Kamu patut bangga! Keberhasilan ini adalah hasil kerja kerasmu!
Bahagia,Mendapatkan hadiah,Positif,Enthusiastic,Selamat! Semoga hadiah itu membawa kebahagiaan!
Bahagia,Menerima pujian,Positif,Happiness,Pujian itu membuat hariku lebih cerah!
Bahagia,Merasa dicintai,Positif,Gratitude,Aku bersyukur atas cinta yang ada di sekitarku!
Bahagia,Mencapai impian,Positif,Enthusiastic,Luar biasa! Teruslah mengejar impianmu!
Bahagia,Merasa beruntung,Positif,Gratitude,Aku bersyukur atas semua keberuntungan yang datang!
Bahagia,Berhasil menyelesaikan proyek,Positif,Enthusiastic,Luar biasa! Kerja kerasmu terbayar!
Bahagia,Merayakan ulang tahun,Positif,Happiness,Semoga tahun ini penuh dengan kebahagiaan dan keberhasilan!
Bahagia,Merasa puas,Positif,Gratitude,Aku bersyukur atas semua yang telah aku capai!
Bahagia,Menerima dukungan,Positif,Gratitude,Aku sangat bersyukur atas dukunganmu!
Bahagia,Mencapai tujuan hidup,Positif,Enthusiastic,Luar biasa! Teruslah berjuang untuk mencapai tujuanmu!
Bahagia,Merayakan pencapaian,Positif,Pride,Kamu patut bangga! Pencapaian ini adalah hasil kerja kerasmu!
Bahagia,Merasa nyaman,Positif,Gratitude,Aku bersyukur atas kenyamanan yang ada dalam hidupku!
Bahagia,Menerima cinta dari orang terkasih,Positif,Gratitude,Aku bersyukur atas cinta yang aku terima dari orang terkasih!
Bahagia,Merasa terhubung,Positif,Gratitude,Aku bersyukur atas hubungan yang aku miliki!
Bahagia,Menerima tantangan,Positif,Motivation,Kamu bisa mengatasi tantangan ini!
Bahagia,Merasa terinspirasi,Positif,Motivation,Kamu bisa melakukan hal-hal hebat!
Bahagia,Mencapai keseimbangan hidup,Positif,Gratitude,Aku bersyukur atas keseimbangan yang aku miliki!
Bahagia,Merasa bahagia,Positif,Enthusiastic,Aku sangat senang untukmu! Teruslah berbagi kebahagiaan!
Bahagia,Menerima perubahan,Positif,Enthusiastic,Mari kita sambut perubahan dengan semangat!
Bahagia,Merasa optimis,Positif,Motivation,Teruslah berpikir positif!
Bahagia,Merayakan keberhasilan kecil,Positif,Happiness,Mari kita nikmati setiap momen keberhasilan!
Bahagia,Mendapatkan pengakuan,Positif,Happiness,Selamat! Pengakuan ini adalah bukti kerja kerasmu!
Bahagia,Merasa terhubung dengan komunitas,Positif,Gratitude,Aku bersyukur atas dukungan dari komunitas yang ada di sekitarku!
Bahagia,Merayakan momen spesial,Positif,Happiness,Momen spesial ini akan selalu diingat!
Bahagia,Merasa bahagia dengan diri sendiri,Positif,Happiness,Merasa bahagia dengan diri sendiri adalah hal yang penting!
Bahagia,Menerima cinta dari teman,Positif,Gratitude,Aku bersyukur atas persahabatan yang aku miliki!
Bahagia,Merasa terinspirasi oleh orang lain,Positif,Motivation,Teruslah berbagi inspirasi!
Bahagia,Merayakan keberhasilan tim,Positif,Pride,Tim kita patut bangga!
Bahagia,Merasa bahagia saat berkumpul,Positif,Gratitude,Aku bersyukur atas momen-momen indah bersama mereka!
Netral,Aktivitas Sehari-hari,Netral,Acknowledgment,Itu terdengar seperti hari yang produktif. Apa yang paling kamu nikmati dari aktivitas itu?
Netral,Pengalaman Kerja,Netral,Acknowledgment,Menarik! Apa tantangan terbesar yang kamu hadapi di tempat kerja?
Netral,Kegiatan Sekolah,Netral,Acknowledgment,Sekolah bisa menjadi tempat yang menyenangkan. Apa yang paling kamu sukai dari sekolah?
Netral,Rencana Liburan,Netral,Encouragement,Rencana liburanmu terdengar menyenangkan! Apa yang paling kamu nantikan dari perjalanan itu?
Netral,Cuaca Hari Ini,Netral,Motivation,Cuaca hari ini memang cukup menarik. Apakah kamu lebih suka cuaca seperti ini?
Netral,Kegiatan Hobi,Netral,Acknowledgment,Hobi itu sangat penting untuk relaksasi. Apa yang membuatmu tertarik dengan hobi itu?
Netral,Film yang Ditonton,Netral,Enthusiastic,Film itu pasti menarik! Apa bagian favoritmu dari film tersebut?
Netral,Buku yang Dibaca,Netral,Enthusiastic,Buku itu terdengar menarik. Apa tema atau pesan yang paling kamu ambil dari buku itu?
Netral,Makanan Favorit,Netral,Acknowledgment,Makanan favoritmu pasti enak! Apa yang membuatnya spesial bagimu?
Netral,Tempat yang Dikunjungi,Netral,Acknowledgment,Mengunjungi tempat baru selalu menyenangkan. Apakah ada tempat lain yang ingin kamu kunjungi?
Netral,Pengalaman Belajar,Netral,Encouragement,Belajar dari pengalaman itu sangat berharga. Apa pelajaran terpenting yang kamu ambil?
Netral,Statistik Terkini,Netral,Acknowledgment,Statistik itu menarik! Apa yang menurutmu paling mengejutkan dari data tersebut?
Netral,Berita Terbaru,Netral,Enthusiastic,Berita itu penting untuk diketahui. Apa pendapatmu tentang isu tersebut?
Netral,Kegiatan Olahraga,Netral,Acknowledgment,Olahraga itu sangat baik untuk kesehatan. Apa olahraga favoritmu?
Netral,Tim Olahraga Favorit,Netral,Enthusiastic,Tim itu memang hebat! Apa yang membuatmu menyukai tim tersebut?
Netral,Hasil Pertandingan,Netral,Acknowledgment,Hasil pertandingan itu menarik! Apa yang kamu pikirkan tentang performa tim?
Netral,Kegiatan Sosial,Netral,Acknowledgment,Kegiatan sosial bisa mempererat hubungan. Apa yang paling kamu nikmati dari kegiatan itu?
Netral,Pertemuan Keluarga,Netral,Acknowledgment,Pertemuan keluarga selalu menjadi momen yang berharga. Apa yang paling berkesan dari pertemuan itu?
Netral,Proyek yang Sedang Dikerjakan,Netral,Encouragement,Proyek itu terdengar menantang! Bagaimana kemajuan yang sudah kamu capai?
Netral,Kegiatan Kreatif,Netral,Enthusiastic,Kegiatan kreatif itu pasti menyenangkan! Apa yang paling kamu nikmati saat melakukannya?
Netral,Pengalaman Perjalanan,Netral,Acknowledgment,Perjalanan selalu memberikan banyak cerita. Apa yang paling berkesan dari perjalanan itu?
Netral,Kegiatan Relawan,Netral,Encouragement,Kegiatan relawan itu sangat mulia! Apa yang membuatmu tertarik untuk terlibat?
Netral,Kegiatan Akhir Pekan,Netral,Acknowledgment,Akhir pekan itu selalu dinanti-nanti. Apa rencanamu untuk akhir pekan ini?
Netral,Pengalaman Berbelanja,Netral,Acknowledgment,Berbelanja dengan teman bisa sangat seru. Apakah kamu pergi berbelanja bersama teman?
Netral,Kegiatan di Rumah,Netral,Acknowledgment,Kegiatan di rumah bisa sangat menyenangkan. Apa yang paling kamu nikmati saat di rumah?
Netral,Hasil Ujian,Netral,Encouragement,Hasil ujian itu penting. Bagaimana perasaanmu tentang hasil tersebut?
Netral,Kegiatan di Komunitas,Netral,Acknowledgment,Kegiatan komunitas bisa mempererat hubungan. Siapa saja yang terlibat?
Netral,Pengalaman Menghadiri Acara,Netral,Acknowledgment,Menghadiri acara itu pasti menarik! Apa yang paling berkesan dari acara tersebut?
Netral,Kegiatan Berkebun,Netral,Acknowledgment,Berkebun adalah cara yang bagus untuk bersantai. Apa yang paling kamu nikmati dari berkebun?
Netral,Pengalaman Mengasuh Hewan Peliharaan,Netral,Acknowledgment,Mengasuh hewan peliharaan itu menyenangkan! Apa hewan peliharaan yang kamu miliki?
Netral,Kegiatan Memasak,Netral,Acknowledgment,Memasak adalah keterampilan yang berharga. Apa yang paling kamu nikmati saat memasak?
Netral,Pengalaman Mengikuti Kelas,Netral,Acknowledgment,Belajar hal baru selalu bermanfaat. Apa yang paling kamu nikmati dari kelas itu?
Netral,Kegiatan Menulis,Netral,Acknowledgment,Menulis bisa sangat terapeutik. Apa yang membuatmu tertarik untuk menulis?
Netral,Pengalaman Menghadiri Seminar,Netral,Acknowledgment,Menghadiri seminar itu pasti bermanfaat! Apa topik yang paling menarik bagimu?
Netral,Kegiatan Bersepeda,Netral,Acknowledgment,Bersepeda adalah cara yang bagus untuk berolahraga. Apa yang paling kamu nikmati dari bersepeda?
Netral,Pengalaman Menggunakan Teknologi Baru,Netral,Acknowledgment,Teknologi baru seringkali membawa kemudahan. Apa yang paling kamu nikmati dari teknologi ini?
Netral,Kegiatan Menonton Pertunjukan,Netral,Acknowledgment,Menonton pertunjukan itu selalu seru! Apa pertunjukan yang paling berkesan bagimu?
Netral,Pengalaman Menghadiri Pameran,Netral,Acknowledgment,Pameran seringkali memberikan banyak wawasan. Apa yang paling berkesan dari pameran itu?
Netral,Kegiatan Mengunjungi Teman,Netral,Acknowledgment,Mengunjungi teman itu selalu menyenangkan! Apa yang kalian lakukan saat bertemu?
Netral,Pengalaman Berinteraksi dengan Tetangga,Netral,Acknowledgment,Hubungan baik dengan tetangga sangat penting. Apa yang paling kamu nikmati dari interaksi itu?
Netral,Aktivitas Sehari-hari,Netral,Inquiry,Apa aktivitas yang paling sering kamu lakukan setiap hari?
Netral,Pengalaman Kerja,Netral,Feedback,Bagaimana pengalaman kerjamu membentuk pandanganmu tentang industri ini?
Netral,Kegiatan Sekolah,Netral,Inquiry,Bagaimana pengalamanmu di sekolah? Ada pelajaran atau kegiatan yang paling berkesan?
Netral,Rencana Liburan,Netral,Inquiry,Ke mana kamu berencana pergi? Ada tempat khusus yang ingin kamu kunjungi?
Netral,Cuaca Hari Ini,Netral,Inquiry,Apakah cuaca mempengaruhi rencanamu hari ini?
Netral,Kegiatan Hobi,Netral,Inquiry,Sejak kapan kamu mulai melakukan hobi ini?
Netral,Film yang Ditonton,Netral,Feedback,"Kalau kamu suka film itu, mungkin kamu juga akan suka film lain yang mirip. Ada rekomendasi?"
Netral,Buku yang Dibaca,Netral,Feedback,"Kalau kamu suka buku itu, ada buku lain yang ingin kamu baca?"
Netral,Makanan Favorit,Netral,Inquiry,Apakah kamu suka memasak makanan favoritmu sendiri?
Netral,Tempat yang Dikunjungi,Netral,Inquiry,Tempat itu terdengar menarik! Apa yang paling kamu sukai dari tempat tersebut?
Netral,Pengalaman Belajar,Netral,Feedback,Bagaimana pengalaman belajar ini mempengaruhi cara pandangmu ke depan?
Netral,Statistik Terkini,Netral,Inquiry,Bagaimana kamu menemukan informasi statistik ini?
Netral,Berita Terbaru,Netral,Inquiry,Apakah ada berita lain yang menarik perhatianmu belakangan ini?
Netral,Kegiatan Olahraga,Netral,Inquiry,Seberapa sering kamu berolahraga dalam seminggu?
Netral,Tim Olahraga Favorit,Netral,Inquiry,Apakah kamu sering menonton pertandingan mereka?
Netral,Hasil Pertandingan,Netral,Feedback,Bagaimana hasil ini mempengaruhi harapanmu untuk pertandingan selanjutnya?
Netral,Kegiatan Sosial,Netral,Inquiry,Kegiatan sosial itu pasti menyenangkan! Siapa saja yang ikut serta?
Netral,Pertemuan Keluarga,Netral,Inquiry,Siapa saja yang hadir dalam pertemuan keluarga itu?
Netral,Proyek yang Sedang Dikerjakan,Netral,Inquiry,Apa tujuan utama dari proyek ini?
Netral,Kegiatan Kreatif,Netral,Inquiry,Apa inspirasi di balik kegiatan kreatif yang kamu lakukan?
Netral,Pengalaman Perjalanan,Netral,Inquiry,Pengalaman perjalanan itu pasti seru! Apa tempat paling menarik yang kamu kunjungi?
Netral,Kegiatan Relawan,Netral,Inquiry,Apa pengalaman paling berkesan yang kamu dapatkan dari kegiatan relawan ini?
Netral,Kegiatan Akhir Pekan,Netral,Inquiry,Apakah ada kegiatan khusus yang ingin kamu lakukan akhir pekan ini?
Netral,Pengalaman Berbelanja,Netral,Inquiry,Berbelanja bisa jadi pengalaman yang menyenangkan. Apa yang kamu beli?
Netral,Kegiatan di Rumah,Netral,Inquiry,Apakah ada proyek atau kegiatan baru yang kamu coba di rumah?
Netral,Hasil Ujian,Netral,Feedback,Apa yang akan kamu lakukan berbeda untuk ujian berikutnya?
Netral,Kegiatan di Komunitas,Netral,Enthusiastic,Kegiatan di komunitas itu sangat bermanfaat. Apa yang paling kamu pelajari dari kegiatan itu?
Netral,Pengalaman Menghadiri Acara,Netral,Inquiry,Apa tema acara yang kamu hadiri?
Netral,Kegiatan Berkebun,Netral,Inquiry,Berkebun itu bisa sangat menenangkan. Apa yang kamu tanam di kebunmu?
Netral,Pengalaman Mengasuh Hewan Peliharaan,Netral,Inquiry,Apa tantangan terbesar yang kamu hadapi saat mengasuh hewan peliharaan?
Netral,Kegiatan Memasak,Netral,Enthusiastic,Memasak itu bisa sangat kreatif! Apa resep favoritmu yang ingin kamu coba?
Netral,Pengalaman Mengikuti Kelas,Netral,Inquiry,Mengikuti kelas baru itu menarik! Kelas apa yang kamu ikuti dan apa yang kamu pelajari?
Netral,Kegiatan Menulis,Netral,Encouragement,Menulis adalah cara yang bagus untuk mengekspresikan diri. Apa yang biasanya kamu tulis?
Netral,Pengalaman Menghadiri Seminar,Netral,Inquiry,Apa yang paling kamu pelajari dari seminar tersebut?
Netral,Kegiatan Bersepeda,Netral,Inquiry,Bersepeda itu menyenangkan! Rute mana yang biasanya kamu pilih?
Netral,Pengalaman Menggunakan Teknologi Baru,Netral,Enthusiastic,Menggunakan teknologi baru bisa sangat menarik! Apa fitur yang paling kamu sukai?
Netral,Kegiatan Menonton Pertunjukan,Netral,Inquiry,Apa jenis pertunjukan yang paling kamu sukai?
Netral,Pengalaman Menghadiri Pameran,Netral,Inquiry,Menghadiri pameran itu pasti menarik! Apa yang paling kamu nikmati dari pameran tersebut?
Netral,Kegiatan Mengunjungi Teman,Netral,Inquiry,Apakah ada kegiatan khusus yang kalian lakukan saat bertemu?
Netral,Pengalaman Berinteraksi dengan Tetangga,Netral,Inquiry,Berinteraksi dengan tetangga bisa mempererat hubungan. Apa yang biasanya kalian bicarakan?